simulation_id,tenant_id,envio_data,k_clusters,custo_total,is_ponto_otimo,total_entregas,custo_transfer_total,custo_last_mile_calc,total_peso,total_volumes,valor_total_nf,qtd_clusters,total_distancia_lastmile_km,total_tempo_lastmile_min,peso_lastmile,entregas_lastmile,volumes_lastmile
b99a1750-4327-4ae5-8008-a9d8f6542daa,38ed0dcc-a92b-4c07-85e7-b59e5939b84c,2025-06-02,1,39014.83,0,653,0.0,39014.83,0,0,0,0,23915.90,40189.57,40630.04,653,8255
b99a1750-4327-4ae5-8008-a9d8f6542daa,38ed0dcc-a92b-4c07-85e7-b59e5939b84c,2025-06-02,4,36918.24,1,621,5851.86,31066.38,0,0,0,0,16432.23,33347.95,40605.74,652,8248
b99a1750-4327-4ae5-8008-a9d8f6542daa,38ed0dcc-a92b-4c07-85e7-b59e5939b84c,2025-06-02,6,38519.38,0,621,9058.83,29460.55,0,0,0,0,14017.76,31270.04,40603.96,651,8243
b99a1750-4327-4ae5-8008-a9d8f6542daa,38ed0dcc-a92b-4c07-85e7-b59e5939b84c,2025-06-02,7,39089.259999999995,0,621,9503.91,29585.349999999995,0,0,0,0,13680.77,31029.23,40572.24,650,8235
b99a1750-4327-4ae5-8008-a9d8f6542daa,38ed0dcc-a92b-4c07-85e7-b59e5939b84c,2025-06-02,8,38734.72,0,621,11033.47,27701.25,0,0,0,0,11195.83,28361.31,40624.76,651,8248
b99a1750-4327-4ae5-8008-a9d8f6542daa,38ed0dcc-a92b-4c07-85e7-b59e5939b84c,2025-06-02,9,37233.590000000004,0,621,9724.26,27509.330000000004,0,0,0,0,10162.89,27511.05,40630.04,653,8255
b99a1750-4327-4ae5-8008-a9d8f6542daa,38ed0dcc-a92b-4c07-85e7-b59e5939b84c,2025-06-02,10,37703.28,0,621,10268.3,27434.98,0,0,0,0,9855.17,27167.19,40620.88,651,8253
b99a1750-4327-4ae5-8008-a9d8f6542daa,38ed0dcc-a92b-4c07-85e7-b59e5939b84c,2025-06-02,11,38300.2,0,621,10697.7,27602.5,0,0,0,0,9441.11,26715.64,40620.88,651,8253
b99a1750-4327-4ae5-8008-a9d8f6542daa,38ed0dcc-a92b-4c07-85e7-b59e5939b84c,2025-06-02,12,38451.46,0,621,10787.31,27664.15,0,0,0,0,9448.66,26762.68,40627.74,652,8254
b99a1750-4327-4ae5-8008-a9d8f6542daa,38ed0dcc-a92b-4c07-85e7-b59e5939b84c,2025-06-02,13,38676.64,0,621,11359.73,27316.91,1706461.67999999,346710,59827884.4799999,546,120302.39,345526.61,528160.62,8476,107302
05c280b2-ab78-4b79-99b4-26fc5509e50d,38ed0dcc-a92b-4c07-85e7-b59e5939b84c,2025-06-03,12,22311.940000000002,0,358,7270.59,15041.350000000002,0,0,0,0,5922.03,15159.54,22343.73,362,3991
05c280b2-ab78-4b79-99b4-26fc5509e50d,38ed0dcc-a92b-4c07-85e7-b59e5939b84c,2025-06-03,14,22309.03,0,358,7267.93,15041.10,0,0,0,0,5922.13,15158.21,22343.73,362,3991
05c280b2-ab78-4b79-99b4-26fc5509e50d,38ed0dcc-a92b-4c07-85e7-b59e5939b84c,2025-06-03,13,22312.62,0,358,7270.11,15042.51,0,0,0,0,5923.71,15161.14,22343.73,362,3991
05c280b2-ab78-4b79-99b4-26fc5509e50d,38ed0dcc-a92b-4c07-85e7-b59e5939b84c,2025-06-03,15,21536.72,0,358,6687.86,14848.86,536249.520000001,95784,22567515.36,192,46165.92,120043.76,178749.84,2896,31928
05c280b2-ab78-4b79-99b4-26fc5509e50d,38ed0dcc-a92b-4c07-85e7-b59e5939b84c,2025-06-03,1,24138.6,0,362,0.0,24138.6,0,0,0,0,10691.90,19657.88,22343.73,362,3991
05c280b2-ab78-4b79-99b4-26fc5509e50d,38ed0dcc-a92b-4c07-85e7-b59e5939b84c,2025-06-03,5,21208.18,0,358,5483.4,15724.78,0,0,0,0,7029.73,16238.45,22084.93,360,3916
05c280b2-ab78-4b79-99b4-26fc5509e50d,38ed0dcc-a92b-4c07-85e7-b59e5939b84c,2025-06-03,6,21524.33,0,358,6236.96,15287.37,0,0,0,0,6458.29,15748.10,22084.93,360,3916
05c280b2-ab78-4b79-99b4-26fc5509e50d,38ed0dcc-a92b-4c07-85e7-b59e5939b84c,2025-06-03,7,21034.309999999998,1,358,5948.25,15086.059999999998,0,0,0,0,5805.54,15074.20,22343.73,362,3991
05c280b2-ab78-4b79-99b4-26fc5509e50d,38ed0dcc-a92b-4c07-85e7-b59e5939b84c,2025-06-03,8,21261.579999999998,0,358,5487.11,15774.469999999998,0,0,0,0,6401.16,15642.75,22343.73,362,3991
05c280b2-ab78-4b79-99b4-26fc5509e50d,38ed0dcc-a92b-4c07-85e7-b59e5939b84c,2025-06-03,9,21261.04,0,358,5486.38,15774.66,0,0,0,0,6400.98,15642.29,22343.73,362,3991
05c280b2-ab78-4b79-99b4-26fc5509e50d,38ed0dcc-a92b-4c07-85e7-b59e5939b84c,2025-06-03,10,21858.14,0,358,7270.11,14588.03,0,0,0,0,5879.72,15079.14,22343.73,362,3991
05c280b2-ab78-4b79-99b4-26fc5509e50d,38ed0dcc-a92b-4c07-85e7-b59e5939b84c,2025-06-03,11,21858.23,0,358,7270.08,14588.15,0,0,0,0,5879.89,15079.51,22343.73,362,3991
6938211b-3a79-4c3b-a39d-8c4a92945300,38ed0dcc-a92b-4c07-85e7-b59e5939b84c,2025-06-04,9,35982.73,0,629,10844.12,25138.61,0,0,0,0,10309.00,27061.99,32350.69,658,6580
6938211b-3a79-4c3b-a39d-8c4a92945300,38ed0dcc-a92b-4c07-85e7-b59e5939b84c,2025-06-04,8,35002.130000000005,1,629,9852.04,25150.090000000005,0,0,0,0,10920.74,27726.89,32350.69,658,6580
6938211b-3a79-4c3b-a39d-8c4a92945300,38ed0dcc-a92b-4c07-85e7-b59e5939b84c,2025-06-04,14,37139.96,0,629,11813.13,25326.83,1391973.21,283370,56107901.1299999,473,120768.67,305977.76,355857.59,7238,72380
6938211b-3a79-4c3b-a39d-8c4a92945300,38ed0dcc-a92b-4c07-85e7-b59e5939b84c,2025-06-04,13,36729.35,0,629,10997.12,25732.23,0,0,0,0,11421.78,28210.87,32371.47,659,6590
6938211b-3a79-4c3b-a39d-8c4a92945300,38ed0dcc-a92b-4c07-85e7-b59e5939b84c,2025-06-04,12,36549.26,0,629,10800.22,25749.04,0,0,0,0,11380.87,28229.66,32371.47,659,6590
6938211b-3a79-4c3b-a39d-8c4a92945300,38ed0dcc-a92b-4c07-85e7-b59e5939b84c,2025-06-04,11,36547.43,0,629,11487.86,25059.57,0,0,0,0,9875.90,26677.31,32371.47,659,6590
6938211b-3a79-4c3b-a39d-8c4a92945300,38ed0dcc-a92b-4c07-85e7-b59e5939b84c,2025-06-04,10,35160.33,0,629,10452.03,24708.30,0,0,0,0,10105.90,26821.53,32350.69,658,6580
c216d52c-6912-4ad4-9635-463ec71bb8a0,38ed0dcc-a92b-4c07-85e7-b59e5939b84c,2025-06-05,1,13708.56,0,290,0.0,13708.56,0,0,0,0,8177.91,15061.35,8996.95,290,1875
c216d52c-6912-4ad4-9635-463ec71bb8a0,38ed0dcc-a92b-4c07-85e7-b59e5939b84c,2025-06-05,9,15804.32,0,282,4846.0,10958.32,0,0,0,0,5322.89,12332.54,8996.95,290,1875
c216d52c-6912-4ad4-9635-463ec71bb8a0,38ed0dcc-a92b-4c07-85e7-b59e5939b84c,2025-06-05,8,15321.5,0,282,4251.03,11070.47,0,0,0,0,6153.07,13176.06,8996.95,290,1875
c216d52c-6912-4ad4-9635-463ec71bb8a0,38ed0dcc-a92b-4c07-85e7-b59e5939b84c,2025-06-05,7,14838.95,0,282,4511.63,10327.32,0,0,0,0,4964.19,12041.47,8996.95,290,1875
c216d52c-6912-4ad4-9635-463ec71bb8a0,38ed0dcc-a92b-4c07-85e7-b59e5939b84c,2025-06-05,6,15507.69,0,282,4474.18,11033.51,0,0,0,0,5010.57,12076.73,8996.95,290,1875
c216d52c-6912-4ad4-9635-463ec71bb8a0,38ed0dcc-a92b-4c07-85e7-b59e5939b84c,2025-06-05,5,14682.89,0,282,3925.51,10757.38,0,0,0,0,6233.75,13187.20,8996.95,290,1875
c216d52c-6912-4ad4-9635-463ec71bb8a0,38ed0dcc-a92b-4c07-85e7-b59e5939b84c,2025-06-05,4,15168.85,0,282,3938.91,11229.94,0,0,0,0,6553.32,13621.47,8996.95,290,1875
c216d52c-6912-4ad4-9635-463ec71bb8a0,38ed0dcc-a92b-4c07-85e7-b59e5939b84c,2025-06-05,14,14321.300000000001,0,282,3084.94,11236.360000000001,161945.1,33750,5599565.46,90,31153.50,66251.30,44984.75,1450,9375
c216d52c-6912-4ad4-9635-463ec71bb8a0,38ed0dcc-a92b-4c07-85e7-b59e5939b84c,2025-06-05,13,14321.300000000001,1,282,3084.94,11236.360000000001,0,0,0,0,6230.70,13250.26,8996.95,290,1875
c216d52c-6912-4ad4-9635-463ec71bb8a0,38ed0dcc-a92b-4c07-85e7-b59e5939b84c,2025-06-05,12,14335.86,0,282,3084.94,11250.92,0,0,0,0,6252.12,13279.41,8996.95,290,1875
c216d52c-6912-4ad4-9635-463ec71bb8a0,38ed0dcc-a92b-4c07-85e7-b59e5939b84c,2025-06-05,11,14337.259999999998,0,282,3086.2,11251.059999999998,0,0,0,0,6252.29,13279.95,8996.95,290,1875
c216d52c-6912-4ad4-9635-463ec71bb8a0,38ed0dcc-a92b-4c07-85e7-b59e5939b84c,2025-06-05,10,15450.31,0,282,3969.5,11480.81,0,0,0,0,6493.55,13448.43,8996.95,290,1875
b3e01597-bf2d-45cb-818d-a8da778af63d,38ed0dcc-a92b-4c07-85e7-b59e5939b84c,2025-06-06,9,30566.559999999998,0,598,8117.96,22448.599999999998,0,0,0,0,9787.62,25583.08,22055.79,622,5331
b3e01597-bf2d-45cb-818d-a8da778af63d,38ed0dcc-a92b-4c07-85e7-b59e5939b84c,2025-06-06,8,30976.29,0,598,8531.17,22445.12,0,0,0,0,9602.05,25439.85,22055.79,622,5331
b3e01597-bf2d-45cb-818d-a8da778af63d,38ed0dcc-a92b-4c07-85e7-b59e5939b84c,2025-06-06,7,30603.079999999998,0,598,8816.82,21786.259999999998,0,0,0,0,9794.01,25593.48,22094.22,623,5335
b3e01597-bf2d-45cb-818d-a8da778af63d,38ed0dcc-a92b-4c07-85e7-b59e5939b84c,2025-06-06,6,31120.98,0,598,8608.2,22512.78,0,0,0,0,11775.08,27483.26,22055.79,622,5331
b3e01597-bf2d-45cb-818d-a8da778af63d,38ed0dcc-a92b-4c07-85e7-b59e5939b84c,2025-06-06,1,30305.2,0,623,0.0,30305.2,0,0,0,0,16860.50,32174.34,22055.79,622,5331
b3e01597-bf2d-45cb-818d-a8da778af63d,38ed0dcc-a92b-4c07-85e7-b59e5939b84c,2025-06-06,16,32098.870000000003,0,598,10192.17,21906.700000000003,729109.26,176055,29269738.74,429,116828.40,323429.99,287224.86,8099,69355
b3e01597-bf2d-45cb-818d-a8da778af63d,38ed0dcc-a92b-4c07-85e7-b59e5939b84c,2025-06-06,15,29836.07,1,598,8024.85,21811.22,0,0,0,0,8945.04,24866.07,22094.22,623,5335
b3e01597-bf2d-45cb-818d-a8da778af63d,38ed0dcc-a92b-4c07-85e7-b59e5939b84c,2025-06-06,10,30899.63,0,598,8743.86,22155.77,0,0,0,0,8893.78,24589.91,22055.79,622,5331
b3e01597-bf2d-45cb-818d-a8da778af63d,38ed0dcc-a92b-4c07-85e7-b59e5939b84c,2025-06-06,11,32627.16,0,598,10213.77,22413.39,0,0,0,0,8572.75,24303.13,22055.79,622,5331
b3e01597-bf2d-45cb-818d-a8da778af63d,38ed0dcc-a92b-4c07-85e7-b59e5939b84c,2025-06-06,12,31911.77,0,598,10212.23,21699.54,0,0,0,0,8285.61,24059.82,22055.79,622,5331
b3e01597-bf2d-45cb-818d-a8da778af63d,38ed0dcc-a92b-4c07-85e7-b59e5939b84c,2025-06-06,13,32331.04,0,598,10244.13,22086.91,0,0,0,0,8856.84,24559.62,22094.22,623,5335
b3e01597-bf2d-45cb-818d-a8da778af63d,38ed0dcc-a92b-4c07-85e7-b59e5939b84c,2025-06-06,14,32330.379999999997,0,598,10209.96,22120.419999999997,0,0,0,0,8956.10,24676.68,22094.22,623,5335
73574371-4187-4b60-b964-a2e2fc40094e,38ed0dcc-a92b-4c07-85e7-b59e5939b84c,2025-06-09,13,35124.92,0,658,10176.92,24948.00,1155742.39,272362,45267101.4699999,559,130673.53,362861.72,349081.85,9321,82251
73574371-4187-4b60-b964-a2e2fc40094e,38ed0dcc-a92b-4c07-85e7-b59e5939b84c,2025-06-09,3,30948.49,1,658,2552.0,28396.49,0,0,0,0,18296.97,35778.40,26852.45,717,6327
73574371-4187-4b60-b964-a2e2fc40094e,38ed0dcc-a92b-4c07-85e7-b59e5939b84c,2025-06-09,4,34252.57,0,658,5180.41,29072.16,0,0,0,0,16757.59,34326.92,26852.45,717,6327
73574371-4187-4b60-b964-a2e2fc40094e,38ed0dcc-a92b-4c07-85e7-b59e5939b84c,2025-06-09,5,33282.659999999996,0,658,6189.99,27092.669999999996,0,0,0,0,14950.89,32466.52,26852.45,717,6327
73574371-4187-4b60-b964-a2e2fc40094e,38ed0dcc-a92b-4c07-85e7-b59e5939b84c,2025-06-09,6,34201.56,0,658,6614.49,27587.07,0,0,0,0,14430.73,32316.49,26852.45,717,6327
73574371-4187-4b60-b964-a2e2fc40094e,38ed0dcc-a92b-4c07-85e7-b59e5939b84c,2025-06-09,7,34222.020000000004,0,658,8085.84,26136.180000000004,0,0,0,0,12190.08,30088.84,26852.45,717,6327
73574371-4187-4b60-b964-a2e2fc40094e,38ed0dcc-a92b-4c07-85e7-b59e5939b84c,2025-06-09,8,35368.2,0,658,9395.61,25972.59,0,0,0,0,11559.58,29620.12,26852.45,717,6327
73574371-4187-4b60-b964-a2e2fc40094e,38ed0dcc-a92b-4c07-85e7-b59e5939b84c,2025-06-09,9,34956.43,0,658,9404.48,25551.95,0,0,0,0,11908.53,29837.91,26852.45,717,6327
73574371-4187-4b60-b964-a2e2fc40094e,38ed0dcc-a92b-4c07-85e7-b59e5939b84c,2025-06-09,10,35004.44,0,658,9739.57,25264.87,0,0,0,0,11497.28,29398.31,26852.45,717,6327
73574371-4187-4b60-b964-a2e2fc40094e,38ed0dcc-a92b-4c07-85e7-b59e5939b84c,2025-06-09,11,36348.95,0,658,11402.38,24946.57,0,0,0,0,10488.06,28359.08,26852.45,717,6327
73574371-4187-4b60-b964-a2e2fc40094e,38ed0dcc-a92b-4c07-85e7-b59e5939b84c,2025-06-09,12,35103.0,0,658,10175.47,24927.53,0,0,0,0,10035.83,27893.34,26852.45,717,6327
73574371-4187-4b60-b964-a2e2fc40094e,38ed0dcc-a92b-4c07-85e7-b59e5939b84c,2025-06-09,1,36071.25,0,718,0.0,36071.25,0,0,0,0,24525.37,41765.38,26877.73,718,6334
a0f22c8e-271a-4b2e-9ec2-6afc2749da87,38ed0dcc-a92b-4c07-85e7-b59e5939b84c,2025-06-10,1,19873.06,0,365,0.0,19873.06,0,0,0,0,10439.50,19365.58,19383.83,365,3760
a0f22c8e-271a-4b2e-9ec2-6afc2749da87,38ed0dcc-a92b-4c07-85e7-b59e5939b84c,2025-06-10,15,19973.92,0,356,4735.4,15238.52,484595.750000001,94000,15918278.5,200,57575.92,132015.60,155070.64,2920,30080
a0f22c8e-271a-4b2e-9ec2-6afc2749da87,38ed0dcc-a92b-4c07-85e7-b59e5939b84c,2025-06-10,14,22053.65,0,356,6463.05,15590.60,0,0,0,0,7370.32,16602.65,19383.83,365,3760
a0f22c8e-271a-4b2e-9ec2-6afc2749da87,38ed0dcc-a92b-4c07-85e7-b59e5939b84c,2025-06-10,13,20321.600000000002,0,356,4736.31,15585.290000000002,0,0,0,0,6933.74,16195.36,19383.83,365,3760
a0f22c8e-271a-4b2e-9ec2-6afc2749da87,38ed0dcc-a92b-4c07-85e7-b59e5939b84c,2025-06-10,12,20552.41,0,356,4626.98,15925.43,0,0,0,0,7276.19,16491.36,19383.83,365,3760
a0f22c8e-271a-4b2e-9ec2-6afc2749da87,38ed0dcc-a92b-4c07-85e7-b59e5939b84c,2025-06-10,11,20171.51,0,356,4626.79,15544.72,0,0,0,0,7450.54,16645.12,19383.83,365,3760
a0f22c8e-271a-4b2e-9ec2-6afc2749da87,38ed0dcc-a92b-4c07-85e7-b59e5939b84c,2025-06-10,10,20170.72,0,356,4627.06,15543.66,0,0,0,0,7449.55,16646.31,19383.83,365,3760
a0f22c8e-271a-4b2e-9ec2-6afc2749da87,38ed0dcc-a92b-4c07-85e7-b59e5939b84c,2025-06-10,9,19826.42,1,356,3882.2,15944.22,0,0,0,0,7584.92,16744.40,19383.83,365,3760
a0f22c8e-271a-4b2e-9ec2-6afc2749da87,38ed0dcc-a92b-4c07-85e7-b59e5939b84c,2025-06-10,8,22903.239999999998,0,356,7036.57,15866.669999999998,0,0,0,0,7626.53,16831.26,19383.83,365,3760
a0f22c8e-271a-4b2e-9ec2-6afc2749da87,38ed0dcc-a92b-4c07-85e7-b59e5939b84c,2025-06-10,7,21571.47,0,356,5904.72,15666.75,0,0,0,0,7394.06,16637.37,19383.83,365,3760
a0f22c8e-271a-4b2e-9ec2-6afc2749da87,38ed0dcc-a92b-4c07-85e7-b59e5939b84c,2025-06-10,6,21580.59,0,356,5425.19,16155.40,0,0,0,0,7973.52,17210.67,19383.83,365,3760
a0f22c8e-271a-4b2e-9ec2-6afc2749da87,38ed0dcc-a92b-4c07-85e7-b59e5939b84c,2025-06-10,5,21767.28,0,356,5425.16,16342.12,0,0,0,0,8193.84,17403.40,19383.83,365,3760
25dea264-9964-45b1-ad37-9502738c7285,38ed0dcc-a92b-4c07-85e7-b59e5939b84c,2025-06-11,16,39372.68,0,788,11126.78,28245.90,1274424.75,309510,53993659.0500001,675,146329.95,455146.50,424808.25,12540,103170
25dea264-9964-45b1-ad37-9502738c7285,38ed0dcc-a92b-4c07-85e7-b59e5939b84c,2025-06-11,15,37126.36,0,788,8764.53,28361.83,0,0,0,0,9911.93,30521.43,28320.55,836,6878
25dea264-9964-45b1-ad37-9502738c7285,38ed0dcc-a92b-4c07-85e7-b59e5939b84c,2025-06-11,14,36789.14,0,788,8765.69,28023.45,0,0,0,0,10136.78,30830.87,28320.55,836,6878
25dea264-9964-45b1-ad37-9502738c7285,38ed0dcc-a92b-4c07-85e7-b59e5939b84c,2025-06-11,13,37375.53,0,788,9282.64,28092.89,0,0,0,0,10510.68,31133.63,28320.55,836,6878
25dea264-9964-45b1-ad37-9502738c7285,38ed0dcc-a92b-4c07-85e7-b59e5939b84c,2025-06-11,12,36342.15,1,788,7651.58,28690.57,0,0,0,0,11023.48,31499.19,28320.55,836,6878
25dea264-9964-45b1-ad37-9502738c7285,38ed0dcc-a92b-4c07-85e7-b59e5939b84c,2025-06-11,11,37753.5,0,788,9035.28,28718.22,0,0,0,0,10984.25,31469.31,28320.55,836,6878
25dea264-9964-45b1-ad37-9502738c7285,38ed0dcc-a92b-4c07-85e7-b59e5939b84c,2025-06-11,10,36488.25,0,788,7640.13,28848.12,0,0,0,0,10892.68,31561.84,28320.55,836,6878
25dea264-9964-45b1-ad37-9502738c7285,38ed0dcc-a92b-4c07-85e7-b59e5939b84c,2025-06-11,9,38214.79,0,788,9426.91,28787.88,0,0,0,0,11147.07,31787.91,28320.55,836,6878
25dea264-9964-45b1-ad37-9502738c7285,38ed0dcc-a92b-4c07-85e7-b59e5939b84c,2025-06-11,8,38480.85,0,788,9551.25,28929.60,0,0,0,0,11328.12,32028.75,28320.55,836,6878
25dea264-9964-45b1-ad37-9502738c7285,38ed0dcc-a92b-4c07-85e7-b59e5939b84c,2025-06-11,7,37486.01,0,788,8345.22,29140.79,0,0,0,0,12196.10,32680.56,28320.55,836,6878
25dea264-9964-45b1-ad37-9502738c7285,38ed0dcc-a92b-4c07-85e7-b59e5939b84c,2025-06-11,6,37516.45,0,788,5811.28,31705.17,0,0,0,0,13663.27,34086.54,28320.55,836,6878
25dea264-9964-45b1-ad37-9502738c7285,38ed0dcc-a92b-4c07-85e7-b59e5939b84c,2025-06-11,1,41283.46,0,836,0.0,41283.46,0,0,0,0,21020.13,41016.15,28320.55,836,6878
07eca76a-d3ee-45bf-aded-40cdb011a1da,38ed0dcc-a92b-4c07-85e7-b59e5939b84c,2025-06-12,10,14444.349999999999,0,197,3042.88,11401.469999999999,0,0,0,0,7010.65,12767.28,13520.32,227,2246
07eca76a-d3ee-45bf-aded-40cdb011a1da,38ed0dcc-a92b-4c07-85e7-b59e5939b84c,2025-06-12,1,14538.43,0,227,0.0,14538.43,0,0,0,0,8230.13,13956.99,13520.32,227,2246
07eca76a-d3ee-45bf-aded-40cdb011a1da,38ed0dcc-a92b-4c07-85e7-b59e5939b84c,2025-06-12,6,15845.579999999998,0,197,4841.19,11004.389999999998,0,0,0,0,5655.14,11427.26,13520.32,227,2246
07eca76a-d3ee-45bf-aded-40cdb011a1da,38ed0dcc-a92b-4c07-85e7-b59e5939b84c,2025-06-12,7,15172.41,0,197,3903.72,11268.69,0,0,0,0,6224.99,12010.40,13520.32,227,2246
07eca76a-d3ee-45bf-aded-40cdb011a1da,38ed0dcc-a92b-4c07-85e7-b59e5939b84c,2025-06-12,8,14412.49,0,197,3042.25,11370.24,0,0,0,0,6968.53,12730.23,13520.32,227,2246
07eca76a-d3ee-45bf-aded-40cdb011a1da,38ed0dcc-a92b-4c07-85e7-b59e5939b84c,2025-06-12,9,14412.49,1,197,3042.25,11370.24,0,0,0,0,6968.53,12730.23,13520.32,227,2246
07eca76a-d3ee-45bf-aded-40cdb011a1da,38ed0dcc-a92b-4c07-85e7-b59e5939b84c,2025-06-12,11,15284.18,0,197,3999.07,11285.11,0,0,0,0,6557.80,12330.39,13520.32,227,2246
07eca76a-d3ee-45bf-aded-40cdb011a1da,38ed0dcc-a92b-4c07-85e7-b59e5939b84c,2025-06-12,12,15176.66,0,197,3993.66,11183.00,0,0,0,0,6657.08,12418.03,13211.33,226,2153
07eca76a-d3ee-45bf-aded-40cdb011a1da,38ed0dcc-a92b-4c07-85e7-b59e5939b84c,2025-06-12,13,15555.22,0,197,3997.84,11557.38,0,0,0,0,6259.23,12037.72,13431.24,226,2234
07eca76a-d3ee-45bf-aded-40cdb011a1da,38ed0dcc-a92b-4c07-85e7-b59e5939b84c,2025-06-12,14,15775.82,0,197,3996.9,11778.92,0,0,0,0,7045.13,12818.12,13431.24,226,2234
07eca76a-d3ee-45bf-aded-40cdb011a1da,38ed0dcc-a92b-4c07-85e7-b59e5939b84c,2025-06-12,15,14412.49,0,197,3042.25,11370.24,0,0,0,0,6968.53,12730.23,13520.32,227,2246
07eca76a-d3ee-45bf-aded-40cdb011a1da,38ed0dcc-a92b-4c07-85e7-b59e5939b84c,2025-06-12,16,14435.6,0,197,3045.91,11389.69,229845.44,38182,7276183.94,51,21005.49,38267.16,40560.96,681,6738
f2a7b291-453c-4224-b735-4d3078011122,38ed0dcc-a92b-4c07-85e7-b59e5939b84c,2025-06-13,1,29417.82,0,586,0.0,29417.82,0,0,0,0,14122.26,28315.21,27751.02,585,4971
f2a7b291-453c-4224-b735-4d3078011122,38ed0dcc-a92b-4c07-85e7-b59e5939b84c,2025-06-13,6,29797.68,0,572,6353.25,23444.43,0,0,0,0,9719.36,24065.29,27752.43,586,4974
f2a7b291-453c-4224-b735-4d3078011122,38ed0dcc-a92b-4c07-85e7-b59e5939b84c,2025-06-13,7,29009.18,0,572,6563.94,22445.24,0,0,0,0,8419.28,22877.85,27332.24,584,4836
f2a7b291-453c-4224-b735-4d3078011122,38ed0dcc-a92b-4c07-85e7-b59e5939b84c,2025-06-13,8,28287.45,1,572,5803.48,22483.97,0,0,0,0,8266.44,22860.37,27752.43,586,4974
f2a7b291-453c-4224-b735-4d3078011122,38ed0dcc-a92b-4c07-85e7-b59e5939b84c,2025-06-13,9,31470.550000000003,0,572,8934.35,22536.200000000003,0,0,0,0,8138.26,22663.81,27752.43,586,4974
f2a7b291-453c-4224-b735-4d3078011122,38ed0dcc-a92b-4c07-85e7-b59e5939b84c,2025-06-13,10,31404.309999999998,0,572,8944.9,22459.409999999998,0,0,0,0,7775.32,22407.06,27752.43,586,4974
f2a7b291-453c-4224-b735-4d3078011122,38ed0dcc-a92b-4c07-85e7-b59e5939b84c,2025-06-13,11,31137.47,0,572,8941.7,22195.77,0,0,0,0,7882.24,22535.69,27752.43,586,4974
f2a7b291-453c-4224-b735-4d3078011122,38ed0dcc-a92b-4c07-85e7-b59e5939b84c,2025-06-13,12,30675.17,0,572,8434.82,22240.35,0,0,0,0,8302.95,22929.94,27752.43,586,4974
f2a7b291-453c-4224-b735-4d3078011122,38ed0dcc-a92b-4c07-85e7-b59e5939b84c,2025-06-13,13,30665.6,0,572,8436.24,22229.36,0,0,0,0,8287.18,22924.98,27752.43,586,4974
f2a7b291-453c-4224-b735-4d3078011122,38ed0dcc-a92b-4c07-85e7-b59e5939b84c,2025-06-13,14,32019.69,0,572,9021.32,22998.37,0,0,0,0,7924.23,22612.87,27752.43,586,4974
f2a7b291-453c-4224-b735-4d3078011122,38ed0dcc-a92b-4c07-85e7-b59e5939b84c,2025-06-13,15,31985.300000000003,0,572,9223.81,22761.490000000003,804820.470000001,144246,27082136.04,348,90234.00,266160.00,333029.16,7032,59688
f2a7b291-453c-4224-b735-4d3078011122,38ed0dcc-a92b-4c07-85e7-b59e5939b84c,2025-06-13,5,31593.79,0,572,7280.71,24313.08,0,0,0,0,9630.69,24151.52,27752.43,586,4974
d640f007-1e8d-4036-9b2b-5a2cf0628538,38ed0dcc-a92b-4c07-85e7-b59e5939b84c,2025-06-16,14,45733.66,0,764,15797.98,29935.68,0,0,0,0,10110.29,31545.40,40413.09,814,9103
d640f007-1e8d-4036-9b2b-5a2cf0628538,38ed0dcc-a92b-4c07-85e7-b59e5939b84c,2025-06-16,13,43625.649999999994,0,764,12988.3,30637.349999999994,0,0,0,0,10281.20,31482.47,40413.09,814,9103
d640f007-1e8d-4036-9b2b-5a2cf0628538,38ed0dcc-a92b-4c07-85e7-b59e5939b84c,2025-06-16,12,43711.119999999995,0,764,13005.2,30705.919999999995,0,0,0,0,10273.15,31355.81,40413.09,814,9103
d640f007-1e8d-4036-9b2b-5a2cf0628538,38ed0dcc-a92b-4c07-85e7-b59e5939b84c,2025-06-16,11,44101.62,0,764,13419.85,30681.77,0,0,0,0,10234.69,31314.63,40413.09,814,9103
d640f007-1e8d-4036-9b2b-5a2cf0628538,38ed0dcc-a92b-4c07-85e7-b59e5939b84c,2025-06-16,10,44373.45,0,764,13298.74,31074.71,0,0,0,0,10635.20,31688.59,40413.09,814,9103
d640f007-1e8d-4036-9b2b-5a2cf0628538,38ed0dcc-a92b-4c07-85e7-b59e5939b84c,2025-06-16,9,42076.41,0,764,11572.51,30503.90,0,0,0,0,11222.04,32434.21,40413.09,814,9103
d640f007-1e8d-4036-9b2b-5a2cf0628538,38ed0dcc-a92b-4c07-85e7-b59e5939b84c,2025-06-16,8,42839.33,0,764,11639.35,31199.98,0,0,0,0,11747.16,32827.72,40413.09,814,9103
d640f007-1e8d-4036-9b2b-5a2cf0628538,38ed0dcc-a92b-4c07-85e7-b59e5939b84c,2025-06-16,7,40990.1,0,764,9624.75,31365.35,0,0,0,0,13423.26,34454.50,40413.09,814,9103
d640f007-1e8d-4036-9b2b-5a2cf0628538,38ed0dcc-a92b-4c07-85e7-b59e5939b84c,2025-06-16,6,40986.38,0,764,8818.49,32167.89,0,0,0,0,13275.21,34139.48,40413.09,814,9103
d640f007-1e8d-4036-9b2b-5a2cf0628538,38ed0dcc-a92b-4c07-85e7-b59e5939b84c,2025-06-16,5,40837.67,1,764,7809.07,33028.60,0,0,0,0,15446.40,36265.06,40413.09,814,9103
d640f007-1e8d-4036-9b2b-5a2cf0628538,38ed0dcc-a92b-4c07-85e7-b59e5939b84c,2025-06-16,1,44675.16,0,814,0.0,44675.16,0,0,0,0,27080.39,47076.48,40404.18,813,9099
d640f007-1e8d-4036-9b2b-5a2cf0628538,38ed0dcc-a92b-4c07-85e7-b59e5939b84c,2025-06-16,15,45754.16,0,764,15810.69,29943.47,1818589.05,409635,73757829.15,675,151806.75,473435.10,606196.35,12210,136545
6ff84618-e6c0-4c50-a91c-30ec70c40d8a,38ed0dcc-a92b-4c07-85e7-b59e5939b84c,2025-06-17,4,19527.07,0,377,3035.06,16492.01,0,0,0,0,9999.12,19279.26,18733.69,375,3426
6ff84618-e6c0-4c50-a91c-30ec70c40d8a,38ed0dcc-a92b-4c07-85e7-b59e5939b84c,2025-06-17,3,17741.89,1,377,886.82,16855.07,0,0,0,0,10260.32,19519.89,18733.69,375,3426
6ff84618-e6c0-4c50-a91c-30ec70c40d8a,38ed0dcc-a92b-4c07-85e7-b59e5939b84c,2025-06-17,1,21875.73,0,378,0.0,21875.73,0,0,0,0,13218.37,22604.08,18904.48,378,3464
6ff84618-e6c0-4c50-a91c-30ec70c40d8a,38ed0dcc-a92b-4c07-85e7-b59e5939b84c,2025-06-17,6,20947.61,0,377,3933.4,17014.21,0,0,0,0,8479.92,18103.85,18762.45,377,3435
6ff84618-e6c0-4c50-a91c-30ec70c40d8a,38ed0dcc-a92b-4c07-85e7-b59e5939b84c,2025-06-17,7,20700.57,0,377,4279.2,16421.37,0,0,0,0,8055.91,17754.09,18762.45,377,3435
6ff84618-e6c0-4c50-a91c-30ec70c40d8a,38ed0dcc-a92b-4c07-85e7-b59e5939b84c,2025-06-17,8,22495.05,0,377,6431.56,16063.49,0,0,0,0,7735.55,17591.07,18762.45,377,3435
6ff84618-e6c0-4c50-a91c-30ec70c40d8a,38ed0dcc-a92b-4c07-85e7-b59e5939b84c,2025-06-17,9,21618.77,0,377,6175.95,15442.82,0,0,0,0,7605.97,17481.79,18762.45,377,3435
6ff84618-e6c0-4c50-a91c-30ec70c40d8a,38ed0dcc-a92b-4c07-85e7-b59e5939b84c,2025-06-17,10,22049.21,0,377,6132.63,15916.58,0,0,0,0,8048.86,17678.46,18762.45,377,3435
6ff84618-e6c0-4c50-a91c-30ec70c40d8a,38ed0dcc-a92b-4c07-85e7-b59e5939b84c,2025-06-17,11,22634.41,0,377,6904.69,15729.72,0,0,0,0,7953.59,17506.78,18762.45,377,3435
6ff84618-e6c0-4c50-a91c-30ec70c40d8a,38ed0dcc-a92b-4c07-85e7-b59e5939b84c,2025-06-17,12,22195.09,0,377,6906.05,15289.04,0,0,0,0,7568.12,17345.22,18762.45,377,3435
6ff84618-e6c0-4c50-a91c-30ec70c40d8a,38ed0dcc-a92b-4c07-85e7-b59e5939b84c,2025-06-17,13,22081.449999999997,0,377,6905.9,15175.549999999997,453707.52,83136,16269104.64,240,75112.00,172865.40,187624.50,3770,34350
6ff84618-e6c0-4c50-a91c-30ec70c40d8a,38ed0dcc-a92b-4c07-85e7-b59e5939b84c,2025-06-17,5,20713.670000000002,0,377,4021.98,16691.690000000002,0,0,0,0,8473.28,18001.18,18762.45,377,3435
de656b1e-d0bb-44cb-a077-0ccd3fb12de0,38ed0dcc-a92b-4c07-85e7-b59e5939b84c,2025-06-18,14,42213.74,1,853,9808.24,32405.50,0,0,0,0,10813.41,33318.95,38299.55,892,8412
de656b1e-d0bb-44cb-a077-0ccd3fb12de0,38ed0dcc-a92b-4c07-85e7-b59e5939b84c,2025-06-18,13,44386.97,0,853,12319.2,32067.77,0,0,0,0,11411.98,34113.58,38299.55,892,8412
de656b1e-d0bb-44cb-a077-0ccd3fb12de0,38ed0dcc-a92b-4c07-85e7-b59e5939b84c,2025-06-18,12,44378.8,0,853,12316.2,32062.6,0,0,0,0,11250.52,33986.44,38299.55,892,8412
de656b1e-d0bb-44cb-a077-0ccd3fb12de0,38ed0dcc-a92b-4c07-85e7-b59e5939b84c,2025-06-18,11,43515.99,0,853,11209.13,32306.86,0,0,0,0,11468.90,34086.74,38299.55,892,8412
de656b1e-d0bb-44cb-a077-0ccd3fb12de0,38ed0dcc-a92b-4c07-85e7-b59e5939b84c,2025-06-18,10,45105.39,0,853,11331.22,33774.17,0,0,0,0,13082.25,35832.28,38276.96,891,8410
de656b1e-d0bb-44cb-a077-0ccd3fb12de0,38ed0dcc-a92b-4c07-85e7-b59e5939b84c,2025-06-18,9,44721.97,0,853,11150.13,33571.84,0,0,0,0,13697.15,36408.15,38276.96,891,8410
de656b1e-d0bb-44cb-a077-0ccd3fb12de0,38ed0dcc-a92b-4c07-85e7-b59e5939b84c,2025-06-18,8,47547.72,0,853,12797.14,34750.58,0,0,0,0,15615.19,38419.77,38299.55,892,8412
de656b1e-d0bb-44cb-a077-0ccd3fb12de0,38ed0dcc-a92b-4c07-85e7-b59e5939b84c,2025-06-18,7,45857.22,0,853,11620.39,34236.83,0,0,0,0,14277.13,36855.29,38299.55,892,8412
de656b1e-d0bb-44cb-a077-0ccd3fb12de0,38ed0dcc-a92b-4c07-85e7-b59e5939b84c,2025-06-18,15,42381.869999999995,0,853,9812.59,32569.279999999995,0,0,0,0,10876.39,33439.81,38299.55,892,8412
de656b1e-d0bb-44cb-a077-0ccd3fb12de0,38ed0dcc-a92b-4c07-85e7-b59e5939b84c,2025-06-18,1,45878.33,0,892,0.0,45878.33,0,0,0,0,25096.44,46843.47,38299.55,892,8412
de656b1e-d0bb-44cb-a077-0ccd3fb12de0,38ed0dcc-a92b-4c07-85e7-b59e5939b84c,2025-06-18,17,44742.83,0,853,12038.22,32704.61,1800078.85,395364,69972933.0700001,564,132799.80,403960.32,459594.60,10704,100944
de656b1e-d0bb-44cb-a077-0ccd3fb12de0,38ed0dcc-a92b-4c07-85e7-b59e5939b84c,2025-06-18,16,43409.02,0,853,10539.4,32869.62,0,0,0,0,11417.40,34040.78,38299.55,892,8412
dbea376f-1aa7-4af1-90e8-fb9e43edf0b9,38ed0dcc-a92b-4c07-85e7-b59e5939b84c,2025-06-20,1,34664.53,0,711,0.0,34664.53,0,0,0,0,17344.40,34325.17,27219.01,711,5848
dbea376f-1aa7-4af1-90e8-fb9e43edf0b9,38ed0dcc-a92b-4c07-85e7-b59e5939b84c,2025-06-20,14,35158.1,0,667,10038.23,25119.87,1061541.39,228072,41641774.9799999,468,103502.76,315538.68,326628.12,8532,70176
dbea376f-1aa7-4af1-90e8-fb9e43edf0b9,38ed0dcc-a92b-4c07-85e7-b59e5939b84c,2025-06-20,13,34824.04,0,667,10014.92,24809.12,0,0,0,0,8757.72,26382.04,27219.01,711,5848
dbea376f-1aa7-4af1-90e8-fb9e43edf0b9,38ed0dcc-a92b-4c07-85e7-b59e5939b84c,2025-06-20,12,34932.72,0,667,10015.23,24917.49,0,0,0,0,8654.98,26313.98,27219.01,711,5848
dbea376f-1aa7-4af1-90e8-fb9e43edf0b9,38ed0dcc-a92b-4c07-85e7-b59e5939b84c,2025-06-20,11,33947.880000000005,0,667,8872.23,25075.650000000005,0,0,0,0,8746.96,26377.16,27219.01,711,5848
dbea376f-1aa7-4af1-90e8-fb9e43edf0b9,38ed0dcc-a92b-4c07-85e7-b59e5939b84c,2025-06-20,10,34120.14,0,667,9264.9,24855.24,0,0,0,0,9005.09,26585.05,27219.01,711,5848
dbea376f-1aa7-4af1-90e8-fb9e43edf0b9,38ed0dcc-a92b-4c07-85e7-b59e5939b84c,2025-06-20,9,34405.990000000005,0,667,9497.27,24908.720000000005,0,0,0,0,8885.98,26472.01,27219.01,711,5848
dbea376f-1aa7-4af1-90e8-fb9e43edf0b9,38ed0dcc-a92b-4c07-85e7-b59e5939b84c,2025-06-20,8,35082.25,0,667,9489.43,25592.82,0,0,0,0,9608.06,27134.04,27219.01,711,5848
dbea376f-1aa7-4af1-90e8-fb9e43edf0b9,38ed0dcc-a92b-4c07-85e7-b59e5939b84c,2025-06-20,7,34194.94,0,667,8670.47,25524.47,0,0,0,0,10373.48,27930.32,27219.01,711,5848
dbea376f-1aa7-4af1-90e8-fb9e43edf0b9,38ed0dcc-a92b-4c07-85e7-b59e5939b84c,2025-06-20,6,34144.92,0,667,8560.79,25584.13,0,0,0,0,9244.08,26740.48,27219.01,711,5848
dbea376f-1aa7-4af1-90e8-fb9e43edf0b9,38ed0dcc-a92b-4c07-85e7-b59e5939b84c,2025-06-20,5,34047.520000000004,0,667,7391.18,26656.340000000004,0,0,0,0,11459.75,28942.72,27219.01,711,5848
dbea376f-1aa7-4af1-90e8-fb9e43edf0b9,38ed0dcc-a92b-4c07-85e7-b59e5939b84c,2025-06-20,4,33699.36,1,667,7466.63,26232.73,0,0,0,0,12000.81,29586.44,27214.79,710,5846
a30d97b0-12d7-4411-b473-83cacab34be0,38ed0dcc-a92b-4c07-85e7-b59e5939b84c,2025-06-23,8,43702.3,0,804,11369.52,32332.78,0,0,0,0,10938.27,32638.20,44103.39,844,9283
a30d97b0-12d7-4411-b473-83cacab34be0,38ed0dcc-a92b-4c07-85e7-b59e5939b84c,2025-06-23,1,47741.91,0,845,0.0,47741.91,0,0,0,0,22603.97,43683.72,44127.68,845,9289
a30d97b0-12d7-4411-b473-83cacab34be0,38ed0dcc-a92b-4c07-85e7-b59e5939b84c,2025-06-23,4,41776.09,0,804,7561.86,34214.23,0,0,0,0,15396.64,37173.10,43930.43,842,9243
a30d97b0-12d7-4411-b473-83cacab34be0,38ed0dcc-a92b-4c07-85e7-b59e5939b84c,2025-06-23,5,43281.43,0,804,9841.17,33440.26,0,0,0,0,13876.61,35692.40,44092.43,843,9278
a30d97b0-12d7-4411-b473-83cacab34be0,38ed0dcc-a92b-4c07-85e7-b59e5939b84c,2025-06-23,6,44117.15,0,804,10431.81,33685.34,0,0,0,0,13749.08,35822.35,44116.72,844,9284
a30d97b0-12d7-4411-b473-83cacab34be0,38ed0dcc-a92b-4c07-85e7-b59e5939b84c,2025-06-23,7,41485.57,1,804,9449.18,32036.39,0,0,0,0,11544.04,33319.62,44103.39,844,9283
a30d97b0-12d7-4411-b473-83cacab34be0,38ed0dcc-a92b-4c07-85e7-b59e5939b84c,2025-06-23,9,46258.59,0,804,14575.33,31683.26,0,0,0,0,11136.29,32890.33,44103.39,844,9283
a30d97b0-12d7-4411-b473-83cacab34be0,38ed0dcc-a92b-4c07-85e7-b59e5939b84c,2025-06-23,10,45403.11,0,804,14064.02,31339.09,0,0,0,0,11108.74,32873.40,44103.39,844,9283
a30d97b0-12d7-4411-b473-83cacab34be0,38ed0dcc-a92b-4c07-85e7-b59e5939b84c,2025-06-23,11,46039.28,0,804,14066.33,31972.95,0,0,0,0,11110.70,32817.42,44103.39,844,9283
a30d97b0-12d7-4411-b473-83cacab34be0,38ed0dcc-a92b-4c07-85e7-b59e5939b84c,2025-06-23,12,46359.259999999995,0,804,15758.57,30600.689999999995,0,0,0,0,10521.92,32095.70,43876.80,838,9248
a30d97b0-12d7-4411-b473-83cacab34be0,38ed0dcc-a92b-4c07-85e7-b59e5939b84c,2025-06-23,13,44448.15,0,804,13530.1,30918.05,2118128.64000001,445872,89368829.2800001,576,124542.84,386216.28,529240.68,10128,111396
c2e930bd-a2a6-4944-adbe-30562e45316b,38ed0dcc-a92b-4c07-85e7-b59e5939b84c,2025-06-24,13,26111.34,1,465,8626.44,17484.90,551245.240000002,104468,19125399.7200001,308,81434.76,216841.35,216535.55,5412,41008
c2e930bd-a2a6-4944-adbe-30562e45316b,38ed0dcc-a92b-4c07-85e7-b59e5939b84c,2025-06-24,1,24513.69,0,493,0.0,24513.69,0,0,0,0,12561.28,24262.32,19666.11,492,3725
c2e930bd-a2a6-4944-adbe-30562e45316b,38ed0dcc-a92b-4c07-85e7-b59e5939b84c,2025-06-24,3,26833.739999999998,0,465,6270.9,20562.839999999998,0,0,0,0,12459.57,24331.63,19666.11,492,3725
c2e930bd-a2a6-4944-adbe-30562e45316b,38ed0dcc-a92b-4c07-85e7-b59e5939b84c,2025-06-24,4,26793.379999999997,0,465,7443.85,19349.529999999997,0,0,0,0,10671.56,22600.54,19687.33,493,3731
c2e930bd-a2a6-4944-adbe-30562e45316b,38ed0dcc-a92b-4c07-85e7-b59e5939b84c,2025-06-24,5,27122.5,0,465,8245.58,18876.92,0,0,0,0,9135.01,21066.93,19666.11,492,3725
c2e930bd-a2a6-4944-adbe-30562e45316b,38ed0dcc-a92b-4c07-85e7-b59e5939b84c,2025-06-24,6,27369.79,0,465,8624.79,18745.00,0,0,0,0,8171.34,20245.33,19666.11,492,3725
c2e930bd-a2a6-4944-adbe-30562e45316b,38ed0dcc-a92b-4c07-85e7-b59e5939b84c,2025-06-24,7,27207.760000000002,0,465,7929.01,19278.750000000002,0,0,0,0,8352.70,20503.74,19687.33,493,3731
c2e930bd-a2a6-4944-adbe-30562e45316b,38ed0dcc-a92b-4c07-85e7-b59e5939b84c,2025-06-24,8,26387.42,0,465,8276.85,18110.57,0,0,0,0,8106.59,20294.53,19687.33,493,3731
c2e930bd-a2a6-4944-adbe-30562e45316b,38ed0dcc-a92b-4c07-85e7-b59e5939b84c,2025-06-24,9,26741.879999999997,0,465,8305.49,18436.389999999997,0,0,0,0,8507.81,20659.37,19685.05,492,3728
c2e930bd-a2a6-4944-adbe-30562e45316b,38ed0dcc-a92b-4c07-85e7-b59e5939b84c,2025-06-24,10,26770.68,0,465,8262.77,18507.91,0,0,0,0,7879.39,20112.53,19685.05,492,3728
c2e930bd-a2a6-4944-adbe-30562e45316b,38ed0dcc-a92b-4c07-85e7-b59e5939b84c,2025-06-24,11,26722.57,0,465,8316.34,18406.23,0,0,0,0,7742.28,19955.20,19685.05,492,3728
c2e930bd-a2a6-4944-adbe-30562e45316b,38ed0dcc-a92b-4c07-85e7-b59e5939b84c,2025-06-24,12,26210.3,0,465,8669.89,17540.41,0,0,0,0,7495.86,19634.05,19685.05,492,3728
00c1817a-9e90-4fbc-a552-3fe98365802b,38ed0dcc-a92b-4c07-85e7-b59e5939b84c,2025-06-25,1,29838.2,0,640,0.0,29838.2,0,0,0,0,15415.40,31233.60,25810.02,640,5798
00c1817a-9e90-4fbc-a552-3fe98365802b,38ed0dcc-a92b-4c07-85e7-b59e5939b84c,2025-06-25,6,30495.300000000003,0,597,7472.9,23022.400000000003,0,0,0,0,9185.68,25293.14,25810.02,640,5798
00c1817a-9e90-4fbc-a552-3fe98365802b,38ed0dcc-a92b-4c07-85e7-b59e5939b84c,2025-06-25,7,29605.88,0,597,7253.55,22352.33,0,0,0,0,8630.12,24824.48,25810.02,640,5798
00c1817a-9e90-4fbc-a552-3fe98365802b,38ed0dcc-a92b-4c07-85e7-b59e5939b84c,2025-06-25,8,30007.14,0,597,7600.57,22406.57,0,0,0,0,8208.58,24456.79,25810.02,640,5798
00c1817a-9e90-4fbc-a552-3fe98365802b,38ed0dcc-a92b-4c07-85e7-b59e5939b84c,2025-06-25,9,30293.27,0,597,7982.54,22310.73,0,0,0,0,7793.61,23914.61,25810.02,640,5798
00c1817a-9e90-4fbc-a552-3fe98365802b,38ed0dcc-a92b-4c07-85e7-b59e5939b84c,2025-06-25,10,30155.47,0,597,7989.9,22165.57,0,0,0,0,7265.87,23439.79,25810.02,640,5798
00c1817a-9e90-4fbc-a552-3fe98365802b,38ed0dcc-a92b-4c07-85e7-b59e5939b84c,2025-06-25,11,30464.53,0,597,8140.16,22324.37,0,0,0,0,6981.45,23147.50,25810.02,640,5798
00c1817a-9e90-4fbc-a552-3fe98365802b,38ed0dcc-a92b-4c07-85e7-b59e5939b84c,2025-06-25,12,30703.37,0,597,8639.77,22063.60,0,0,0,0,7449.31,23694.16,25810.02,640,5798
00c1817a-9e90-4fbc-a552-3fe98365802b,38ed0dcc-a92b-4c07-85e7-b59e5939b84c,2025-06-25,13,29484.780000000002,0,597,7230.72,22254.060000000002,0,0,0,0,7623.75,23870.08,25810.02,640,5798
00c1817a-9e90-4fbc-a552-3fe98365802b,38ed0dcc-a92b-4c07-85e7-b59e5939b84c,2025-06-25,14,29396.72,1,597,7557.16,21839.56,0,0,0,0,7354.86,23612.35,25810.02,640,5798
00c1817a-9e90-4fbc-a552-3fe98365802b,38ed0dcc-a92b-4c07-85e7-b59e5939b84c,2025-06-25,15,31488.07,0,597,9376.74,22111.33,929160.720000001,208728,35334785.8799998,432,92700.60,288181.56,309720.24,7680,69576
00c1817a-9e90-4fbc-a552-3fe98365802b,38ed0dcc-a92b-4c07-85e7-b59e5939b84c,2025-06-25,5,29533.47,0,597,5988.64,23544.83,0,0,0,0,10383.73,26433.79,25810.02,640,5798
920b8978-6b2a-43a1-913c-77e2021385d6,38ed0dcc-a92b-4c07-85e7-b59e5939b84c,2025-06-26,4,11558.779999999999,0,121,4266.28,7292.499999999999,89801.91,14993,2311264.23,55,26764.85,43576.80,40819.05,670,6815
920b8978-6b2a-43a1-913c-77e2021385d6,38ed0dcc-a92b-4c07-85e7-b59e5939b84c,2025-06-26,1,9534.63,0,134,0.0,9534.63,0,0,0,0,7124.35,10324.19,8163.81,134,1363
920b8978-6b2a-43a1-913c-77e2021385d6,38ed0dcc-a92b-4c07-85e7-b59e5939b84c,2025-06-26,11,13622.67,0,121,6821.61,6801.06,0,0,0,0,3840.89,7333.22,8163.81,134,1363
920b8978-6b2a-43a1-913c-77e2021385d6,38ed0dcc-a92b-4c07-85e7-b59e5939b84c,2025-06-26,10,12921.71,0,121,6309.22,6612.49,0,0,0,0,3978.16,7460.47,8163.81,134,1363
920b8978-6b2a-43a1-913c-77e2021385d6,38ed0dcc-a92b-4c07-85e7-b59e5939b84c,2025-06-26,9,12999.0,0,121,6278.76,6720.24,0,0,0,0,4158.39,7629.58,8163.81,134,1363
920b8978-6b2a-43a1-913c-77e2021385d6,38ed0dcc-a92b-4c07-85e7-b59e5939b84c,2025-06-26,8,12796.19,0,121,5814.01,6982.18,0,0,0,0,4492.69,7958.88,8163.81,134,1363
920b8978-6b2a-43a1-913c-77e2021385d6,38ed0dcc-a92b-4c07-85e7-b59e5939b84c,2025-06-26,7,12726.24,0,121,5408.82,7317.42,0,0,0,0,4802.33,8268.04,8163.81,134,1363
920b8978-6b2a-43a1-913c-77e2021385d6,38ed0dcc-a92b-4c07-85e7-b59e5939b84c,2025-06-26,6,10246.36,1,121,1098.32,9148.04,0,0,0,0,8593.47,11857.44,8163.81,134,1363
920b8978-6b2a-43a1-913c-77e2021385d6,38ed0dcc-a92b-4c07-85e7-b59e5939b84c,2025-06-26,5,13218.57,0,121,3624.34,9594.23,0,0,0,0,8933.91,11785.95,8163.81,134,1363
62bc4a26-dbc6-4d28-8b9d-0221b3f08530,38ed0dcc-a92b-4c07-85e7-b59e5939b84c,2025-06-27,10,41861.380000000005,0,868,11481.0,30380.380000000005,0,0,0,0,9375.15,31399.43,36113.03,887,7788
62bc4a26-dbc6-4d28-8b9d-0221b3f08530,38ed0dcc-a92b-4c07-85e7-b59e5939b84c,2025-06-27,11,43030.58,0,868,13304.07,29726.51,0,0,0,0,9356.26,31379.50,36113.03,887,7788
62bc4a26-dbc6-4d28-8b9d-0221b3f08530,38ed0dcc-a92b-4c07-85e7-b59e5939b84c,2025-06-27,12,42243.020000000004,0,868,11709.28,30533.740000000004,1697312.41,366036,65769900.2599998,611,115442.73,401437.79,469469.39,11531,101244
62bc4a26-dbc6-4d28-8b9d-0221b3f08530,38ed0dcc-a92b-4c07-85e7-b59e5939b84c,2025-06-27,1,45082.04,0,887,0.0,45082.04,0,0,0,0,22653.07,43911.11,36113.03,887,7788
62bc4a26-dbc6-4d28-8b9d-0221b3f08530,38ed0dcc-a92b-4c07-85e7-b59e5939b84c,2025-06-27,3,38586.93,0,868,3180.21,35406.72,0,0,0,0,20236.37,41928.30,36052.12,886,7776
62bc4a26-dbc6-4d28-8b9d-0221b3f08530,38ed0dcc-a92b-4c07-85e7-b59e5939b84c,2025-06-27,4,38359.24,1,868,4828.55,33530.69,0,0,0,0,15784.71,37542.07,36113.03,887,7788
62bc4a26-dbc6-4d28-8b9d-0221b3f08530,38ed0dcc-a92b-4c07-85e7-b59e5939b84c,2025-06-27,6,42402.49,0,868,10745.07,31657.42,0,0,0,0,12247.93,34060.09,36113.03,887,7788
62bc4a26-dbc6-4d28-8b9d-0221b3f08530,38ed0dcc-a92b-4c07-85e7-b59e5939b84c,2025-06-27,7,42477.01,0,868,11826.85,30650.16,0,0,0,0,11778.30,33692.70,36113.03,887,7788
62bc4a26-dbc6-4d28-8b9d-0221b3f08530,38ed0dcc-a92b-4c07-85e7-b59e5939b84c,2025-06-27,8,43157.14,0,868,12427.27,30729.87,0,0,0,0,10021.16,32024.74,36079.43,886,7786
62bc4a26-dbc6-4d28-8b9d-0221b3f08530,38ed0dcc-a92b-4c07-85e7-b59e5939b84c,2025-06-27,9,41127.130000000005,0,868,10778.66,30348.470000000005,0,0,0,0,9550.55,31601.70,36113.03,887,7788
1766911d-e58d-44d8-bbd9-148a9128fd50,38ed0dcc-a92b-4c07-85e7-b59e5939b84c,2025-06-28,12,12965.85,0,257,3623.33,9342.52,0,0,0,0,5281.60,11750.78,8293.29,266,1777
1766911d-e58d-44d8-bbd9-148a9128fd50,38ed0dcc-a92b-4c07-85e7-b59e5939b84c,2025-06-28,13,12968.32,0,257,3624.4,9343.92,0,0,0,0,5283.63,11752.45,8293.29,266,1777
1766911d-e58d-44d8-bbd9-148a9128fd50,38ed0dcc-a92b-4c07-85e7-b59e5939b84c,2025-06-28,14,13034.460000000001,0,257,3623.61,9410.850000000001,116106.06,24878,5214731.9,70,26087.45,58523.30,41466.45,1330,8885
1766911d-e58d-44d8-bbd9-148a9128fd50,38ed0dcc-a92b-4c07-85e7-b59e5939b84c,2025-06-28,1,11798.22,0,266,0.0,11798.22,0,0,0,0,7088.91,13533.49,8293.29,266,1777
1766911d-e58d-44d8-bbd9-148a9128fd50,38ed0dcc-a92b-4c07-85e7-b59e5939b84c,2025-06-28,6,13642.34,0,257,3623.87,10018.47,0,0,0,0,5639.95,12077.70,8293.29,266,1777
1766911d-e58d-44d8-bbd9-148a9128fd50,38ed0dcc-a92b-4c07-85e7-b59e5939b84c,2025-06-28,7,12579.02,0,257,2555.0,10024.02,0,0,0,0,5644.52,12087.07,8293.29,266,1777
1766911d-e58d-44d8-bbd9-148a9128fd50,38ed0dcc-a92b-4c07-85e7-b59e5939b84c,2025-06-28,8,13228.9,0,257,3655.64,9573.26,0,0,0,0,5516.14,12104.30,8293.29,266,1777
1766911d-e58d-44d8-bbd9-148a9128fd50,38ed0dcc-a92b-4c07-85e7-b59e5939b84c,2025-06-28,9,13609.009999999998,0,257,3658.05,9950.959999999998,0,0,0,0,5652.74,12204.29,8293.29,266,1777
1766911d-e58d-44d8-bbd9-148a9128fd50,38ed0dcc-a92b-4c07-85e7-b59e5939b84c,2025-06-28,10,12225.11,1,257,2555.0,9670.11,0,0,0,0,5343.90,11813.25,8293.29,266,1777
1766911d-e58d-44d8-bbd9-148a9128fd50,38ed0dcc-a92b-4c07-85e7-b59e5939b84c,2025-06-28,11,12225.11,0,257,2555.0,9670.11,0,0,0,0,5343.90,11813.25,8293.29,266,1777
1766911d-e58d-44d8-bbd9-148a9128fd50,38ed0dcc-a92b-4c07-85e7-b59e5939b84c,2025-06-28,4,12891.710000000001,0,257,3246.02,9645.690000000001,0,0,0,0,5200.30,11801.92,8293.29,266,1777
1766911d-e58d-44d8-bbd9-148a9128fd50,38ed0dcc-a92b-4c07-85e7-b59e5939b84c,2025-06-28,5,14100.740000000002,0,257,4090.55,10010.190000000002,0,0,0,0,5229.45,11872.52,8293.29,266,1777
9a0f6506-76ce-4ce7-9cda-e8629ab7a558,38ed0dcc-a92b-4c07-85e7-b59e5939b84c,2025-06-30,13,46514.619999999995,0,802,15128.75,31385.869999999995,0,0,0,0,11479.32,33087.31,41543.06,831,9594
9a0f6506-76ce-4ce7-9cda-e8629ab7a558,38ed0dcc-a92b-4c07-85e7-b59e5939b84c,2025-06-30,12,47681.990000000005,0,802,16772.79,30909.200000000005,0,0,0,0,11115.13,32759.50,41543.06,831,9594
9a0f6506-76ce-4ce7-9cda-e8629ab7a558,38ed0dcc-a92b-4c07-85e7-b59e5939b84c,2025-06-30,11,46034.979999999996,0,802,14608.41,31426.569999999996,0,0,0,0,11195.49,32853.06,41543.06,831,9594
9a0f6506-76ce-4ce7-9cda-e8629ab7a558,38ed0dcc-a92b-4c07-85e7-b59e5939b84c,2025-06-30,10,46299.9,0,802,15284.28,31015.62,0,0,0,0,10547.82,32317.12,41542.82,830,9591
9a0f6506-76ce-4ce7-9cda-e8629ab7a558,38ed0dcc-a92b-4c07-85e7-b59e5939b84c,2025-06-30,9,44828.65,1,802,13849.31,30979.34,0,0,0,0,10833.55,32571.88,41542.82,830,9591
9a0f6506-76ce-4ce7-9cda-e8629ab7a558,38ed0dcc-a92b-4c07-85e7-b59e5939b84c,2025-06-30,8,45462.18,0,802,13583.11,31879.07,0,0,0,0,12067.26,33658.35,41537.40,829,9589
